Francais,Anglais
a,has
agréable,pleasant
aimait,loved
aime,love
aiment,enjoy
aimeraient,want
aimez,dare
aimons,come
aimé,loved
aimée,loved
aimés,loved
aller,go
allez,go
allions,come
allons,we
allé,went
allée,garden
allés,arrive
amusant,fun
anglais,english
animal,animal
animaux,animals
août,june
apprécié,excellent
as,nice
at,at
au,in
automne,autumn
automobile,automobile
aux,and
avez,you
avons,have
avril,june
banane,banana
bananes,banana
beau,beautiful
belle,beautiful
bien,though
blanc,white
blanche,white
bleu,blue
bleue,blue
brillant,brilliant
brillante,brilliant
bénigne,infection
c,it
california,california
californie,california
calme,quiet
camion,truck
ce,that
cet,talk
cette,this
chat,cat
chats,dogs
chaud,warm
chaude,warm
chaux,salt
cher,expensive
cheval,horse
chevaux,horses
chien,dog
chiens,dogs
chine,china
chinois,chinese
citron,lemon
citrons,lemons
clémentes,chilly
comme,as
comment,how
conduisait,drove
conduit,leading
conduite,conduct
congélation,freezing
cours,course
cépage,grape
d,of
dans,in
de,of
dernier,last
dernière,last
des,of
difficile,difficult
douce,water
doux,mild
du,the
durant,during
décembre,december
détend,relax
détendre,relax
détestait,disliked
déteste,dislikes
détestez,dare
détestons,hate
eiffel,eiffel
elle,she
en,in
enneigé,mountain
enneigée,snowy
entre,between
envisage,plans
envisagent,decide
es,administrator
espagnol,spanish
est,is
et,and
etats,states
facile,easy
faire,make
fait,part
favori,favorite
favoris,favorite
football,football
frais,fresh
fraise,pear
fraises,strawberries
france,france
français,french
frisquet,fat
froid,cold
fruit,fruit
fruits,fruit
février,april
gel,freeze
gelé,freeze
gelés,freezing
glaciales,winter
grand,grand
grande,great
grandes,various
grands,famous
gros,huge
grosse,huge
grosses,huge
gèle,freeze
généralement,typically
habituellement,usually
hiver,winter
humide,wet
i,i
il,he
ils,they
inde,india
intention,intention
j,i
jamais,never
janvier,december
jaune,yellow
je,i
jersey,jersey
juillet,june
juin,june
l,the
la,the
lac,lake
lapin,rabbit
lapins,rabbits
le,the
les,these
leur,their
leurs,their
limes,limes
lion,lion
lions,lions
lui,him
légère,heavy
magnifique,beautiful
mai,june
maillot,shirt
mais,but
mangue,banana
mangues,bananas
manguiers,mango
mars,march
merveilleux,wonderful
mes,my
moindres,simple
moins,less
mois,month
mon,my
monde,world
moteur,engine
mouillé,mouth
mouillée,slip
n,neither
ne,only
neige,snow
neigeux,snow
new,new
noir,black
noire,black
nos,today
notre,our
nous,we
nouveau,new
nouvelle,new
novembre,june
occupé,occupy
occupée,occupy
octobre,june
oiseau,bird
oiseaux,birds
ont,have
orange,orange
oranges,oranges
ours,bear
où,where
pamplemousse,grapefruit
pamplemousses,grapefruit
parfois,sometimes
paris,paris
pas,neither
pendant,during
pense,believe
pensez,you
petit,small
petite,small
petites,small
petits,small
peu,less
plaît,want
pleut,rain
pluie,rain
pluies,rainy
plus,less
pluvieux,rainy
poire,pear
poires,strawberries
pomme,potato
pommes,apples
porcelaine,furniture
portugais,portuguese
pourquoi,why
pourraient,might
pourrait,might
pousse,growing
printemps,autumn
prochain,announce
proches,closely
préféré,favorite
préférée,favorite
préférées,favorite
préférés,favorite
prévoient,allow
prévois,nice
prévoit,plan
prévoyons,ready
pêche,fishing
pêches,fishing
qu,that
quand,when
que,that
qui,which
raisin,grapes
raisins,grapes
redouté,feared
redoutée,feared
redoutés,feared
relaxant,relaxing
rendre,take
requin,shark
requins,shark
ressort,handle
rouge,red
rouille,yellow
rouillé,rusty
rouillée,rusty
se,it
sec,dry
septembre,june
serpent,snake
serpents,snakes
ses,his
singe,monkey
singes,monkeys
son,his
sont,are
souris,mouse
souvent,often
sur,on
sèche,dry
t,t
temps,time
terrain,ground
tour,tour
tout,totally
traduction,translating
traduire,translate
traduis,translate
tranquille,quiet
trop,too
trouvé,found
tu,me
un,a
une,a
unis,states
va,wants
vais,me
vers,toward
vert,green
verte,green
verts,green
veulent,decide
veut,wants
vieille,old
vieux,old
visite,visit
visiter,visit
vit,living
voiture,car
volant,driver
vont,will
vos,your
votre,your
voudrait,wants
voulaient,wanted
voulait,wanted
voulez,want
vous,you
vu,saw
à,to
école,school
éléphant,elephant
éléphants,elephants
épicerie,grocery
étaient,were
était,was
états,states
été,been
êtes,ask
